--
-- Script was generated by Devart dbForge Studio for MySQL, Version 9.2.5.0
-- Product home page: http://www.devart.com/dbforge/mysql/studio
-- Script date 09/07/2023 10:21:25 PM
-- Server version: 10.5.20
-- Client version: 4.1
--

-- 
-- Disable foreign keys
-- 
/*!40014 SET @OLD_FOREIGN_KEY_CHECKS=@@FOREIGN_KEY_CHECKS, FOREIGN_KEY_CHECKS=0 */;

-- 
-- Set SQL mode
-- 
/*!40101 SET @OLD_SQL_MODE=@@SQL_MODE, SQL_MODE='NO_AUTO_VALUE_ON_ZERO' */;

-- 
-- Set character set the client will use to send SQL statements to the server
--
SET NAMES 'utf8';

--
-- Set default database
--
USE `misa.fresher032023.qlts.nguyentienvu`;

--
-- Drop procedure `sp_add_department`
--
DROP PROCEDURE IF EXISTS sp_add_department;

--
-- Drop procedure `sp_add_fixed_asset_category`
--
DROP PROCEDURE IF EXISTS sp_add_fixed_asset_category;

--
-- Drop procedure `sp_filtering_and_paging`
--
DROP PROCEDURE IF EXISTS sp_filtering_and_paging;

--
-- Drop procedure `sp_add_fixed_asset`
--
DROP PROCEDURE IF EXISTS sp_add_fixed_asset;

--
-- Drop procedure `sp_check_duplicate_fixed_asset_code`
--
DROP PROCEDURE IF EXISTS sp_check_duplicate_fixed_asset_code;

--
-- Drop procedure `sp_delete_fixed_assets`
--
DROP PROCEDURE IF EXISTS sp_delete_fixed_assets;

--
-- Drop procedure `sp_generate_new_code`
--
DROP PROCEDURE IF EXISTS sp_generate_new_code;

--
-- Drop procedure `sp_get_fixed_asset`
--
DROP PROCEDURE IF EXISTS sp_get_fixed_asset;

--
-- Drop procedure `sp_get_fixed_asset_id`
--
DROP PROCEDURE IF EXISTS sp_get_fixed_asset_id;

--
-- Drop procedure `sp_get_fixed_assets`
--
DROP PROCEDURE IF EXISTS sp_get_fixed_assets;

--
-- Drop procedure `sp_summary`
--
DROP PROCEDURE IF EXISTS sp_summary;

--
-- Drop procedure `sp_update_fixed_asset`
--
DROP PROCEDURE IF EXISTS sp_update_fixed_asset;

--
-- Drop table `fixed_asset`
--
DROP TABLE IF EXISTS fixed_asset;

--
-- Drop procedure `sp_get_category_id`
--
DROP PROCEDURE IF EXISTS sp_get_category_id;

--
-- Drop procedure `sp_get_fixed_asset_categories`
--
DROP PROCEDURE IF EXISTS sp_get_fixed_asset_categories;

--
-- Drop procedure `sp_get_fixed_asset_category`
--
DROP PROCEDURE IF EXISTS sp_get_fixed_asset_category;

--
-- Drop table `fixed_asset_category`
--
DROP TABLE IF EXISTS fixed_asset_category;

--
-- Drop procedure `sp_get_department`
--
DROP PROCEDURE IF EXISTS sp_get_department;

--
-- Drop procedure `sp_get_department_id`
--
DROP PROCEDURE IF EXISTS sp_get_department_id;

--
-- Drop procedure `sp_get_departments`
--
DROP PROCEDURE IF EXISTS sp_get_departments;

--
-- Drop table `department`
--
DROP TABLE IF EXISTS department;

--
-- Set default database
--
USE `misa.fresher032023.qlts.nguyentienvu`;

--
-- Create table `department`
--
CREATE TABLE department (
  department_id CHAR(36) NOT NULL COMMENT 'Id phòng ban',
  department_code VARCHAR(50) NOT NULL COMMENT 'Mã của phòng ban',
  department_name VARCHAR(255) NOT NULL COMMENT 'Tên phòng ban',
  created_by VARCHAR(50) DEFAULT NULL COMMENT 'Người tạo',
  created_date TIMESTAMP NULL DEFAULT current_timestamp() COMMENT 'Ngày tạo',
  modified_by VARCHAR(50) DEFAULT NULL COMMENT 'Người sửa',
  modified_date TIMESTAMP NULL DEFAULT current_timestamp() COMMENT 'Ngày sửa',
  PRIMARY KEY (department_id)
)
ENGINE = INNODB,
AVG_ROW_LENGTH = 1638,
CHARACTER SET utf8mb4,
COLLATE utf8mb4_general_ci,
COMMENT = 'Danh mục phòng ban';

--
-- Create index `UK_department_department_id` on table `department`
--
ALTER TABLE department 
  ADD UNIQUE INDEX UK_department_department_id(department_id);

--
-- Create index `UK_department_department_code` on table `department`
--
ALTER TABLE department 
  ADD UNIQUE INDEX UK_department_department_code(department_code);

--
-- Create index `IDX_department_department_name` on table `department`
--
ALTER TABLE department 
  ADD INDEX IDX_department_department_name(department_name);

DELIMITER $$

--
-- Create procedure `sp_get_departments`
--
CREATE 
	DEFINER = 'root'@'localhost'
PROCEDURE sp_get_departments()
BEGIN
SELECT
  department_id,          -- id phòng ban
  department_code,        -- mã phòng ban
  department_name,        -- tên phòng ban
  created_by,             -- người tạo
  created_date,           -- ngày tạo
  modified_by,            -- người sửa
  modified_date           -- ngày sửa
FROM `misa.fresher032023.qlts.nguyentienvu`.department
ORDER BY created_date; -- sắp xếp theo mã phòng ban
END
$$

--
-- Create procedure `sp_get_department_id`
--
CREATE 
	DEFINER = 'root'@'localhost'
PROCEDURE sp_get_department_id(IN department_code varchar(50))
BEGIN
SELECT
  department_id      -- id phòng ban
FROM `misa.fresher032023.qlts.nguyentienvu`.department d
WHERE d.department_code = department_code;
END
$$

--
-- Create procedure `sp_get_department`
--
CREATE 
	DEFINER = 'root'@'localhost'
PROCEDURE sp_get_department(
  IN departmentId char(36)      -- id phòng ban
)
BEGIN
SELECT
  department_id,          -- id phòng ban
  department_code,        -- mã phòng ban
  department_name,        -- tên phòng ban
  created_by,             -- người tạo
  created_date,           -- ngày tạo
  modified_by,            -- người sửa
  modified_date           -- ngày sửa
FROM `misa.fresher032023.qlts.nguyentienvu`.department AS d
WHERE d.department_id = departmentId;
END
$$

DELIMITER ;

--
-- Create table `fixed_asset_category`
--
CREATE TABLE fixed_asset_category (
  fixed_asset_category_id CHAR(36) NOT NULL COMMENT 'Id loại tài sản',
  fixed_asset_category_code VARCHAR(50) NOT NULL COMMENT 'Mã loại tài sản',
  fixed_asset_category_name VARCHAR(255) NOT NULL COMMENT 'Tên loại tài sản',
  description VARCHAR(500) DEFAULT NULL COMMENT 'Ghi chú',
  created_by VARCHAR(50) DEFAULT NULL COMMENT 'Người tạo',
  created_date TIMESTAMP NULL DEFAULT current_timestamp() COMMENT 'Ngày tạo',
  modified_by VARCHAR(50) DEFAULT NULL COMMENT 'Người sửa',
  modified_date TIMESTAMP NULL DEFAULT current_timestamp() COMMENT 'Ngày sửa',
  PRIMARY KEY (fixed_asset_category_id)
)
ENGINE = INNODB,
AVG_ROW_LENGTH = 1638,
CHARACTER SET utf8mb4,
COLLATE utf8mb4_general_ci,
COMMENT = 'Loại tài sản';

--
-- Create index `UK_fixed_asset_category_fixed_asset_category_id` on table `fixed_asset_category`
--
ALTER TABLE fixed_asset_category 
  ADD UNIQUE INDEX UK_fixed_asset_category_fixed_asset_category_id(fixed_asset_category_id);

--
-- Create index `IDX_fixed_asset_category_fixed_asset_category_code` on table `fixed_asset_category`
--
ALTER TABLE fixed_asset_category 
  ADD INDEX IDX_fixed_asset_category_fixed_asset_category_code(fixed_asset_category_code);

--
-- Create index `IDX_fixed_asset_category_fixed_asset_category_name` on table `fixed_asset_category`
--
ALTER TABLE fixed_asset_category 
  ADD INDEX IDX_fixed_asset_category_fixed_asset_category_name(fixed_asset_category_name);

DELIMITER $$

--
-- Create procedure `sp_get_fixed_asset_category`
--
CREATE 
	DEFINER = 'root'@'localhost'
PROCEDURE sp_get_fixed_asset_category(IN fixedAssetCategoryId char(36))
BEGIN
SELECT
  fixed_asset_category_id,        -- id loại tài sản
  fixed_asset_category_code,      -- mã loại tài sản
  fixed_asset_category_name,      -- tên loại tài sản
  description,                    -- mô tả
  created_by,                     -- người tạo
  created_date,                   -- ngày tạo
  modified_by,                    -- người sửa
  modified_date                   -- ngày sửa
FROM `misa.fresher032023.qlts.nguyentienvu`.fixed_asset_category
AS c
WHERE c.fixed_asset_category_id = fixedAssetCategoryId;
END
$$

--
-- Create procedure `sp_get_fixed_asset_categories`
--
CREATE 
	DEFINER = 'root'@'localhost'
PROCEDURE sp_get_fixed_asset_categories()
BEGIN
SELECT
  fixed_asset_category_id,        -- id loại tài sản
  fixed_asset_category_code,      -- mã loại tài sản
  fixed_asset_category_name,      -- tên loại tài sản
  description,                    -- mô tả
  created_by,                     -- người tạo
  created_date,                   -- ngày tạo
  modified_by,                    -- người sửa
  modified_date                   -- ngày sửa
FROM `misa.fresher032023.qlts.nguyentienvu`.fixed_asset_category
ORDER BY fixed_asset_category_code;
END
$$

--
-- Create procedure `sp_get_category_id`
--
CREATE 
	DEFINER = 'root'@'localhost'
PROCEDURE sp_get_category_id(IN fixed_asset_category_code varchar(50))
BEGIN
-- lấy id loại tài sản
SELECT
  fixed_asset_category_id        -- id loại tài sản
FROM fixed_asset_category fac
WHERE fac.fixed_asset_category_code = fixed_asset_category_code;
END
$$

DELIMITER ;

--
-- Create table `fixed_asset`
--
CREATE TABLE fixed_asset (
  fixed_asset_id CHAR(36) NOT NULL COMMENT 'Id tài sản',
  fixed_asset_code VARCHAR(100) NOT NULL COMMENT 'Mã tài sản',
  fixed_asset_name VARCHAR(255) NOT NULL COMMENT 'Tên tài sản',
  department_id CHAR(36) NOT NULL COMMENT 'Id phòng ban',
  department_code VARCHAR(50) NOT NULL COMMENT 'Mã phòng ban',
  department_name VARCHAR(255) NOT NULL COMMENT 'Tên phòng ban',
  fixed_asset_category_id CHAR(36) NOT NULL COMMENT 'Id loại tài sản',
  fixed_asset_category_code VARCHAR(50) NOT NULL COMMENT 'Mã loại tài sản',
  fixed_asset_category_name VARCHAR(255) NOT NULL COMMENT 'Tên loại tài sản',
  purchase_date TIMESTAMP NOT NULL DEFAULT current_timestamp() COMMENT 'Ngày mua',
  started_use_date TIMESTAMP NOT NULL DEFAULT current_timestamp() COMMENT 'Ngày bắt đầu sử dụng',
  cost DECIMAL(19, 4) NOT NULL COMMENT 'Nguyên giá',
  quantity INT(11) NOT NULL DEFAULT 0 COMMENT 'Số lượng',
  depreciation_rate FLOAT NOT NULL COMMENT 'Tỷ lệ hao mòn (%)',
  amortization_of_year DECIMAL(19, 4) NOT NULL COMMENT 'Giá trị hao mòn năm',
  tracked_year INT(11) NOT NULL COMMENT 'Năm theo dõi tài sản',
  life_time INT(11) NOT NULL COMMENT 'Số năm sử dụng ',
  production_year INT(11) NOT NULL COMMENT 'Năm sử dụng',
  accumulated_depreciation DECIMAL(19, 4) NOT NULL COMMENT 'Khấu hao lũy kế',
  residual_value DECIMAL(19, 4) NOT NULL COMMENT 'Giá trị còn lại',
  active BIT(1) DEFAULT b'0' COMMENT 'Sử dụng',
  created_by VARCHAR(50) DEFAULT NULL COMMENT 'Người tạo',
  created_date TIMESTAMP NULL DEFAULT current_timestamp() COMMENT 'Ngày tạo',
  modified_by VARCHAR(50) DEFAULT NULL COMMENT 'Người sửa',
  modified_date TIMESTAMP NULL DEFAULT current_timestamp() COMMENT 'Ngày sửa',
  PRIMARY KEY (fixed_asset_id)
)
ENGINE = INNODB,
AVG_ROW_LENGTH = 303,
CHARACTER SET utf8mb4,
COLLATE utf8mb4_general_ci;

--
-- Create index `UK_fixed_asset_fixed_asset_id` on table `fixed_asset`
--
ALTER TABLE fixed_asset 
  ADD UNIQUE INDEX UK_fixed_asset_fixed_asset_id(fixed_asset_id);

--
-- Create index `fixed_asset_code` on table `fixed_asset`
--
ALTER TABLE fixed_asset 
  ADD UNIQUE INDEX fixed_asset_code(fixed_asset_code);

--
-- Create index `IDX_fixed_asset_fixed_asset_name` on table `fixed_asset`
--
ALTER TABLE fixed_asset 
  ADD INDEX IDX_fixed_asset_fixed_asset_name(fixed_asset_name);

--
-- Create index `IDX_fixed_asset_fixed_asset_code` on table `fixed_asset`
--
ALTER TABLE fixed_asset 
  ADD INDEX IDX_fixed_asset_fixed_asset_code(fixed_asset_code);

--
-- Create foreign key
--
ALTER TABLE fixed_asset 
  ADD CONSTRAINT FK_fixed_asset_department_code FOREIGN KEY (department_code)
    REFERENCES department(department_code) ON DELETE NO ACTION;

--
-- Create foreign key
--
ALTER TABLE fixed_asset 
  ADD CONSTRAINT FK_fixed_asset_department_id FOREIGN KEY (department_id)
    REFERENCES department(department_id) ON DELETE NO ACTION;

--
-- Create foreign key
--
ALTER TABLE fixed_asset 
  ADD CONSTRAINT FK_fixed_asset_department_name FOREIGN KEY (department_name)
    REFERENCES department(department_name) ON DELETE NO ACTION;

--
-- Create foreign key
--
ALTER TABLE fixed_asset 
  ADD CONSTRAINT FK_fixed_asset_fixed_asset_category_code FOREIGN KEY (fixed_asset_category_code)
    REFERENCES fixed_asset_category(fixed_asset_category_code) ON DELETE NO ACTION;

--
-- Create foreign key
--
ALTER TABLE fixed_asset 
  ADD CONSTRAINT FK_fixed_asset_fixed_asset_category_id FOREIGN KEY (fixed_asset_category_id)
    REFERENCES fixed_asset_category(fixed_asset_category_id) ON DELETE NO ACTION;

--
-- Create foreign key
--
ALTER TABLE fixed_asset 
  ADD CONSTRAINT FK_fixed_asset_fixed_asset_category_name FOREIGN KEY (fixed_asset_category_name)
    REFERENCES fixed_asset_category(fixed_asset_category_name) ON DELETE NO ACTION;

DELIMITER $$

--
-- Create procedure `sp_update_fixed_asset`
--
CREATE 
	DEFINER = 'root'@'localhost'
PROCEDURE sp_update_fixed_asset(
  -- parameters of procedure
  IN fixed_asset_id char(36),                       -- Id tài sản
  IN fixed_asset_code char(20),                     -- mã tài sản
  IN fixed_asset_name varchar(255),                 -- tên tài sản
  IN department_id char(36),                        -- id phòng ban
  IN department_code char(20),                      -- mã phòng ban
  IN department_name varchar(255),                  -- tên phòng ban
  IN fixed_asset_category_id char(36),              -- id loại tài sản
  IN fixed_asset_category_code char(20),            -- mã loại tài sản
  IN fixed_asset_category_name varchar(255),        -- tên loại tài sản
  IN purchase_date timestamp,                       -- ngày mua
  IN started_use_date timestamp,                    -- ngày bắt đầu sử dụng
  IN cost DECIMAL(19, 4),                           -- nguyên giá
  IN quantity int,                                  -- số lượng
  IN depreciation_rate float,                       -- tỷ lệ hao mòn (%)
  IN amortization_of_year decimal(19, 4),           -- giá trị hao mòn năm
  IN tracked_year int,                              -- năm theo dõi
  IN life_time int,                                 -- số năm sử dụng
  IN production_year int,                           -- năm sử dụng
  IN accumulated_depreciation decimal(19, 4),       -- khấu hao lũy kế
  IN residual_value decimal(19, 4),                 -- giá trị còn lại
  IN created_by varchar(50),                        -- người tạo
  IN created_date timestamp,                        -- ngày tạo
  IN modified_by varchar(50),                       -- người sửa
  IN modified_date timestamp                        -- ngày sửa
)
BEGIN
-- update
UPDATE `misa.fresher032023.qlts.nguyentienvu`.fixed_asset fa
SET fa.fixed_asset_code = fixed_asset_code,
    fa.fixed_asset_name = fixed_asset_name,
    fa.department_id = department_id,
    fa.department_code = department_code,
    fa.department_name = department_name,
    fa.fixed_asset_category_id = fixed_asset_category_id,
    fa.fixed_asset_category_code = fixed_asset_category_code,
    fa.fixed_asset_category_name = fixed_asset_category_name,
    fa.purchase_date = purchase_date,
    fa.started_use_date = started_use_date,
    fa.cost = cost,
    fa.quantity = quantity,
    fa.depreciation_rate = depreciation_rate,
    fa.amortization_of_year = amortization_of_year,
    fa.tracked_year = tracked_year,
    fa.life_time = life_time,
    fa.production_year = production_year,
    fa.accumulated_depreciation = accumulated_depreciation,
    fa.residual_value = residual_value,
    fa.modified_by = modified_by,
    fa.modified_date = modified_date
WHERE fa.fixed_asset_id = fixed_asset_id;

-- select the updated record and return it
/*
SELECT 
  *
FROM qlts_fresher_core.fixed_asset fa
WHERE fa.fixed_asset_id = fixed_asset_id;
*/
END
$$

--
-- Create procedure `sp_summary`
--
CREATE 
	DEFINER = 'root'@'localhost'
PROCEDURE sp_summary()
BEGIN
    DECLARE total_records INT;
    DECLARE total_quantity INT(11);
    DECLARE total_residual_value DECIMAL(19, 4);
    DECLARE total_accumulated_depreciation DECIMAL(19, 4);
    DECLARE total_cost DECIMAL(19, 4);

SELECT
  COUNT(*) INTO total_records
FROM fixed_asset;
SELECT
  SUM(quantity) INTO total_quantity
FROM fixed_asset;
SELECT
  SUM(residual_value) INTO total_residual_value
FROM fixed_asset;
SELECT
  SUM(accumulated_depreciation) INTO total_accumulated_depreciation
FROM fixed_asset;
SELECT
  SUM(cost) INTO total_cost
FROM fixed_asset;

SELECT
  total_records AS total_records,
  total_quantity AS total_quantity,
  total_residual_value AS total_residual_value,
  total_accumulated_depreciation AS total_accumulated_depreciation,
  total_cost AS total_cost;
END
$$

--
-- Create procedure `sp_get_fixed_assets`
--
CREATE 
	DEFINER = 'root'@'localhost'
PROCEDURE sp_get_fixed_assets()
BEGIN
SELECT
  *
FROM fixed_asset;
END
$$

--
-- Create procedure `sp_get_fixed_asset_id`
--
CREATE 
	DEFINER = 'root'@'localhost'
PROCEDURE sp_get_fixed_asset_id(IN fixed_asset_code varchar(50))
BEGIN
SELECT
  fixed_asset_id
FROM fixed_asset f
WHERE f.fixed_asset_code = fixed_asset_code;
END
$$

--
-- Create procedure `sp_get_fixed_asset`
--
CREATE 
	DEFINER = 'root'@'localhost'
PROCEDURE sp_get_fixed_asset(IN fixedAssetId char(36))
BEGIN
SELECT
  fixed_asset_id,               -- id tài sản
  fixed_asset_code,             -- mã tài sản
  fixed_asset_name,             -- tên tài sản
  department_id,                -- id phòng ban
  department_code,              -- mã phòng ban 
  department_name,              -- tên phòng ban
  fixed_asset_category_id,      -- id loại tài sản
  fixed_asset_category_code,    -- mã loại tài sản
  fixed_asset_category_name,    -- tên loại tài sản
  purchase_date,                -- ngày mua
  started_use_date,             -- ngày bắt đầu sử dụng
  cost,                         -- nguyên giá
  quantity,                     -- số lượng
  depreciation_rate,            -- tỷ lệ hao mòn (%)
  amortization_of_year,         -- hao mòn năm
  tracked_year,                 -- năm theo dõi
  life_time,                    -- số năm sử dụng
  production_year,              -- năm sản xuất
  accumulated_depreciation,     -- khấu hao lũy kế
  residual_value,               -- giá trị còn lại
  created_by,                   -- người tạo
  created_date,                 -- ngày tạo
  modified_by,                  -- người sửa
  modified_date                 -- ngày sửa
FROM `misa.fresher032023.qlts.nguyentienvu`.fixed_asset
AS
f
WHERE f.fixed_asset_id = fixedAssetId;
END
$$

--
-- Create procedure `sp_generate_new_code`
--
CREATE 
	DEFINER = 'root'@'localhost'
PROCEDURE sp_generate_new_code()
BEGIN
    DECLARE max_number INT;
    DECLARE new_code VARCHAR(100);
    DECLARE length_code INT;

-- Tìm mã có phần số lớn nhất
SELECT
  MAX(CAST(SUBSTRING(fixed_asset_code, 3) AS UNSIGNED)) INTO max_number
FROM `misa.fresher032023.qlts.nguyentienvu`.fixed_asset fa;
  
    -- Tính độ dài của chuỗi số mới
    IF LENGTH(max_number) = LENGTH(max_number + 1) THEN
        SET length_code = LENGTH(max_number);
    ELSE
        SET length_code = LENGTH(max_number) + 1;
    END IF;
    
    -- Tăng phần số lên 1 đơn vị và tạo mã mới
    SET new_code = CONCAT(
        SUBSTRING(
            ( SELECT
    fixed_asset_code
  FROM `misa.fresher032023.qlts.nguyentienvu`.fixed_asset
  ORDER BY fixed_asset_code DESC
  LIMIT 1),
1,
2
),
LPAD(max_number + 1, length_code, '0')
);

-- Trả về mã mới
SELECT
  new_code;
END
$$

--
-- Create procedure `sp_delete_fixed_assets`
--
CREATE 
	DEFINER = 'root'@'localhost'
PROCEDURE sp_delete_fixed_assets(IN Ids VARCHAR(2000))
BEGIN
  DECLARE id CHAR(36);
  DECLARE commaPosition int;
  SET Ids = CONCAT(Ids, ',');
  
  -- tách lấy id và xóa
  WHILE LENGTH(Ids) > 0 DO
    SET commaPosition = LOCATE(',', Ids);
    SET id = TRIM(SUBSTRING(Ids, 1, commaPosition-1));
    SET Ids = SUBSTRING(Ids, commaPosition+1);

-- xóa tài sản theo id
DELETE
  FROM `misa.fresher032023.qlts.nguyentienvu`.fixed_asset
WHERE fixed_asset_id = id;
END WHILE;
END
$$

--
-- Create procedure `sp_check_duplicate_fixed_asset_code`
--
CREATE 
	DEFINER = 'root'@'localhost'
PROCEDURE sp_check_duplicate_fixed_asset_code(
    IN fixed_asset_id char(36),             -- id
    IN fixed_asset_code varchar(100)        -- mã
)
BEGIN
    IF EXISTS ( SELECT
    fixed_asset_code
  FROM fixed_asset fa
  WHERE fa.fixed_asset_code = fixed_asset_code) THEN
        -- mã đã tồn tại trong database, lấy ra id của mã đó và so sánh với mã truyền vào
        IF EXISTS ( SELECT
    fixed_asset_id
  FROM fixed_asset fa
  WHERE fa.fixed_asset_code = fixed_asset_code
  AND fa.fixed_asset_id = fixed_asset_id) THEN
-- id giống nhau, update không sửa id, trả về true
SELECT
  TRUE AS is_duplicate;
ELSE
-- id khác nhau, mã bị trùng, trả về false
SELECT
  FALSE AS is_duplicate;
END IF;
ELSE
-- mã chưa tồn tại trong database, trả về true
SELECT
  TRUE AS is_duplicate;
END IF;
END
$$

--
-- Create procedure `sp_add_fixed_asset`
--
CREATE 
	DEFINER = 'root'@'localhost'
PROCEDURE sp_add_fixed_asset(
  -- parameters of procedure
  IN fixed_asset_id char(36),                       -- Id tài sản
  IN fixed_asset_code char(20),                     -- mã tài sản
  IN fixed_asset_name varchar(255),                 -- tên tài sản
  IN department_id char(36),                        -- id phòng ban
  IN department_code char(20),                      -- mã phòng ban
  IN department_name varchar(255),                  -- tên phòng ban
  IN fixed_asset_category_id char(36),              -- id loại tài sản
  IN fixed_asset_category_code char(20),            -- mã loại tài sản
  IN fixed_asset_category_name varchar(255),        -- tên loại tài sản
  IN purchase_date timestamp,                       -- ngày mua
  IN started_use_date timestamp,                    -- ngày bắt đầu sử dụng
  IN cost DECIMAL(19, 4),                           -- nguyên giá
  IN quantity int,                                  -- số lượng
  IN depreciation_rate float,                       -- tỷ lệ hao mòn (%)
  IN amortization_of_year decimal(19, 4),           -- giá trị hao mòn năm
  IN tracked_year int,                              -- năm theo dõi
  IN life_time int,                                 -- số năm sử dụng
  IN production_year int,                           -- năm sử dụng
  IN accumulated_depreciation decimal(19, 4),       -- khấu hao lũy kế
  IN residual_value decimal(19, 4),                 -- giá trị còn lại
  IN created_by varchar(50),                        -- người tạo
  IN created_date timestamp,                        -- ngày tạo
  IN modified_by varchar(50),                       -- người sửa
  IN modified_date timestamp                        -- ngày sửa
)
BEGIN
-- insert
INSERT INTO `misa.fresher032023.qlts.nguyentienvu`.fixed_asset (fixed_asset_id,
fixed_asset_code,
fixed_asset_name,
department_id,
department_code,
department_name,
fixed_asset_category_id,
fixed_asset_category_code,
fixed_asset_category_name,
purchase_date,
started_use_date,
cost,
quantity,
depreciation_rate,
amortization_of_year,
tracked_year,
life_time,
production_year,
accumulated_depreciation,
residual_value,
created_by,
created_date,
modified_by,
modified_date)

  -- values
  VALUES (
  fixed_asset_id,
  fixed_asset_code,
  fixed_asset_name,
  department_id,
  department_code,
  department_name,
  fixed_asset_category_id,
  fixed_asset_category_code,
  fixed_asset_category_name,
  purchase_date,
  started_use_date,
  cost,
  quantity,
  depreciation_rate,
  amortization_of_year,
  tracked_year,
  life_time,
  production_year,
  accumulated_depreciation,
  residual_value,
  created_by,
  created_date,
  modified_by,
  modified_date
  );

-- return created
/*
SELECT 
  *
FROM qlts_fresher_core.fixed_asset
WHERE qlts_fresher_core.fixed_asset.fixed_asset_id = fixed_asset_id;
*/
END
$$

--
-- Create procedure `sp_filtering_and_paging`
--
CREATE 
	DEFINER = 'root'@'localhost'
PROCEDURE sp_filtering_and_paging(
    IN pageNumber int,                  -- số trang muốn trả về
    IN pageSize int,                    -- số bản ghi mỗi trang
    IN FilterName VARCHAR(100),         -- tên tài sản cần lọc
    IN FilterDepartment VARCHAR(100),   -- tên phòng ban
    IN FilterCategory varchar(100)      -- tên loại tài sản cần lọc
)
BEGIN
    -- tính số bản ghỉ cần bỏ qua là lưu vào @offset
    SET @Offset = (pageNumber - 1) * pageSize;
    
    -- gán một câu truy vấn cho @Sql dựa trên diều kiện lọc
    SET @Sql = CONCAT('
        SELECT *
        FROM fixed_asset
        WHERE fixed_asset_name LIKE ?
            AND department_name LIKE ?
            AND fixed_asset_category_name LIKE ?
        ORDER BY created_date
        LIMIT ?, ?
    ');
    
    -- chuẩn bị truy vấn để thực hiên
    PREPARE stmt FROM @Sql;
    SET @FilterName = CONCAT('%', FilterName, '%');
    SET @FilterDepartment = CONCAT('%', FilterDepartment, '%');
    SET @FilterCategory = CONCAT('%', FilterCategory, '%');
    -- thực hiện lọc
    EXECUTE stmt USING @FilterName, @FilterDepartment, @FilterCategory, @Offset, pageSize;
    -- giải phóng tài nguyên đã chuẩn bị
    DEALLOCATE PREPARE stmt;
END
$$

--
-- Create procedure `sp_add_fixed_asset_category`
--
CREATE 
	DEFINER = 'root'@'localhost'
PROCEDURE sp_add_fixed_asset_category(
  IN fixed_asset_category_id char(36),        -- id loại tài sản
  IN fixed_asset_category_code char(20),      -- mã loại tài sản
  IN fixed_asset_category_name varchar(255),  -- tên loại tài sản
  IN description varchar(500),                -- mô tả
  IN created_by varchar(50),                  -- người tạo
  IN created_date timestamp,                  -- ngày tạo
  IN modified_by varchar(50),                 -- người sửa
  IN modified_date timestamp                  -- ngày sửa
)
BEGIN

-- insert
INSERT INTO qlts_fresher_core.fixed_asset_category (fixed_asset_category_id,
fixed_asset_category_code,
fixed_asset_category_name,
description,
created_by,
created_date,
modified_by,
modified_date)

  -- values
  VALUES (
  fixed_asset_category_id,
  fixed_asset_category_code,
  fixed_asset_category_name,
  description,
  created_by,
  created_date,
  modified_by,
  modified_date
  );
END
$$

--
-- Create procedure `sp_add_department`
--
CREATE 
	DEFINER = 'root'@'localhost'
PROCEDURE sp_add_department(
  -- parameter of procedure
  IN p_department_id char(36),         -- id phòng ban
  IN p_department_code char(20),       -- mã phòng ban 
  IN p_department_name varchar(255),   -- tên phòng ban
  IN p_created_by varchar(50),         -- người tạo
  IN p_created_date timestamp,         -- ngày tạo
  IN p_modified_by varchar(50),        -- người sửa
  IN p_modified_date timestamp         -- ngày sửa
)
BEGIN
-- insert
INSERT INTO qlts_fresher_core.department (department_id,
department_code,
department_name,
created_by,
created_date,
modified_by,
modified_date)
  -- values
  VALUES (
  p_department_id,
  p_department_code,
  p_department_name,
  p_created_by,
  p_created_date,
  p_modified_by,
  p_modified_date
  );
END
$$

DELIMITER ;

-- 
-- Dumping data for table fixed_asset_category
--
INSERT INTO fixed_asset_category VALUES
('174ffc6c-4080-4bc3-a126-71cca92946bf', 'LTS8240', 'Máy tính để bàn', 'Perspiciatis totam tempora et ipsum non in qui cupiditate. Tempore dolore dolor officiis quos blanditiis odit iste labore.', 'Adalberto Sousa', '1971-01-01 00:00:01', 'Joette Valdez', '1978-05-15 19:57:32'),
('2102924a-510c-7251-a026-71cca92946bf', 'LTS0936', 'Ổ điện', 'Architecto iste tempora temporibus sunt qui magnam autem et; ut est nisi odit voluptas facilis. Sint repellat obcaecati accusamus aperiam. Praesentium voluptas eaque explicabo non dicta et aut error! Autem velit aliquam aut non aperiam hic quis nostrum; est dignissimos omnis asperiores consequuntur et unde. Dolore aut delectus est officia nesciunt impedit.', 'Abigail Mclemore', '1971-01-01 00:00:04', 'Berry Pedersen', '1971-01-01 00:03:18'),
('3541ff76-58f0-6d1a-e836-63d5d5eff719', 'LTS8023', 'Màn hình', 'Error quis atque velit unde enim esse rerum; ipsum perspiciatis et dicta. Ullam cupiditate minima sit beatae ullam omnis unde. Qui distinctio fugit officia aspernatur facere libero omnis vel. Incidunt omnis rerum consequatur omnis eaque hic voluptatem iste! Corporis ipsam quasi nihil repudiandae voluptatem obcaecati repellendus magni.', 'Araceli Kingsley', '1971-01-01 00:01:22', 'Damien Gibbs', '2022-05-25 17:52:38'),
('39446ba3-3071-7af6-a5a9-deaf32c96293', 'LTS1480', 'Màn hình', 'Architecto ut sit omnis quasi. Sit doloribus perspiciatis ut minima error; rerum alias aut est sit sed. Alias molestiae eaque consequatur sint laborum et facilis! Amet minus totam laboriosam. Omnis possimus eius numquam. Similique est natus modi quidem voluptatem architecto omnis unde. Omnis magnam ratione! Tenetur dolor quisquam. Sunt ratione ut!', 'Kim Charlton', '1996-11-09 12:50:04', 'Kareem Culver', '1989-06-20 07:52:09'),
('423d5b84-2191-6cce-df3d-c9e9e9038fe2', 'LTS5973', 'Bàn Phím', 'Blanditiis exercitationem vitae voluptate laudantium sunt expedita totam illum. Fugiat est quia in quo id et aspernatur placeat.', 'Colton Ackerman', '1998-07-12 04:30:48', 'Trudie Abney', '2006-06-14 10:10:05'),
('447816de-6069-15bf-de3d-c9e9e9038fe2', 'LTS7757', 'Máy in', 'Quae error ad dolore unde dolor eveniet. Dolor et ratione; quam aut illum alias ipsa sit. Voluptatem maxime consequuntur dolor illum velit. Ad porro deserunt id. Totam ea illo at exercitationem voluptatibus deserunt? Sed molestias eum unde est vero deserunt excepturi suscipit. Eius natus quod! Aut vitae accusamus praesentium quia amet fugiat ut et.', 'Trent Dobbins', '1980-11-14 10:16:15', 'Gale Elliott', '1981-06-29 14:15:51'),
('48b51439-3625-6c0c-7532-03c92da59c43', 'LTS6638', 'Màn hình', 'Dolorem voluptatem a dolor placeat numquam eaque et architecto. Omnis voluptas velit assumenda iste perspiciatis sed illo modi.', 'Lonna Mccurdy', '1972-10-14 09:32:10', 'Alane Patrick', '1971-09-27 15:12:44'),
('71952621-23c8-61d2-d0eb-e423f1575e00', 'LTS2893', 'Tai nghe không dây', 'Cumque doloremque adipisci laudantium illum officiis ullam fugit praesentium. Quia explicabo temporibus ex rem consequatur voluptatem quisquam perspiciatis? Consequatur ea saepe velit vitae in facilis error sed.', 'Althea Heath', '1999-07-07 03:56:52', 'Alonzo Calvin', '1978-04-06 01:09:16'),
('74b4ef62-677e-21c3-88db-f21ac591aca5', 'LTS0839', 'Ổ điện', 'A alias est voluptatum velit qui sint quia voluptas. Iure unde itaque veniam voluptas nemo voluptatem laudantium error. Consequatur voluptas perspiciatis et est culpa consequuntur vitae nam.', 'Ward Provost', '1971-01-01 02:39:05', 'Maria Abney', '2003-07-26 21:35:34'),
('79aca385-65e3-1ebe-f488-479bce9b28fc', 'LTS3173', 'Bàn', 'Necessitatibus qui veniam quasi est cupiditate rerum. Cumque quis ut magnam nisi ut molestiae non? Dolores dolorum dolor voluptatem. Iste veniam quasi voluptatem. Illo et repudiandae velit necessitatibus sed non omnis! Quidem iure sed velit neque voluptates? Dolores ipsa repellendus nulla delectus nesciunt quam omnis recusandae. Quidem ab iste porro!', 'Brett Abney', '1982-08-10 21:45:51', 'Houston Contreras', '2002-03-20 03:45:12');

-- 
-- Dumping data for table department
--
INSERT INTO department VALUES
('11452b0c-768e-5ff7-0d63-eeb1d8ed8cef', 'PB3700', 'Phòng test', 'Adolph Francisco', '2016-06-06 20:09:58', 'Jason Blackmon', '1987-07-03 08:18:57'),
('142cb08f-7c31-21fa-8e90-67245e8b283e', 'PB9956', 'Phòng tài chính', 'Letha Bolt', '1971-01-01 00:07:13', 'Abraham Acevedo', '1971-01-01 00:00:04'),
('17120d02-6ab5-3e43-18cb-66948daf6128', 'PB5663', 'Phòng bảo vệ', 'Miyoko Mckinney', '2010-11-13 22:26:52', 'Hong Beaudoin', '2019-06-01 07:32:31'),
('2bbbd485-6df2-536a-7e32-6a1673ffca7c', 'PB0254', 'Phòng đầu tư', 'Stanford Sullivan', '1981-04-08 23:34:47', 'Selene Cartwright', '1988-08-24 20:01:42'),
('4577565a-7e3e-493a-74dd-867949feb8b5', 'PB4786', 'Phòng QLNNL', 'Felix Alba', '2016-04-13 19:04:38', 'Carroll Binder', '1971-11-22 22:42:54'),
('469b3ece-744a-45d5-957d-e8c757976496', 'PB5242', 'Phòng đào tạo', 'Vanita Kelleher', '2020-03-26 11:31:00', 'Retta Lord', '1975-03-21 18:46:24'),
('4e272fc4-7875-78d6-7d32-6a1673ffca7c', 'PB6721', 'Phòng kế toán', 'Marcos Abraham', '1992-10-06 04:54:29', 'Treena Lind', '1971-01-01 00:00:08'),
('59d19422-6657-452e-a7db-e5d54223c257', 'PB7421', 'Phòng lễ tân', 'Denisha Mcginnis', '1971-01-01 00:01:04', 'Peggy Charlton', '1991-09-06 05:37:02'),
('7686595d-16d5-33b3-0080-e8e2a817c80e', 'PB1150', 'Phòng lập trình', 'Eusebia Noland', '2011-06-11 16:42:54', 'Maynard Brockman', '1979-09-14 04:50:27'),
('768f8e64-7d10-20c9-967d-e8c757976496', 'PB0224', 'Phòng bảo vệ', 'Oma Lawler', '1985-07-04 14:06:57', 'Tiny Card', '1992-03-15 18:41:01');

-- 
-- Dumping data for table fixed_asset
--
INSERT INTO fixed_asset VALUES
('02e9daf4-495f-4e3c-81a0-b100e81ce4c8', 'TS42146', 'new ts', '142cb08f-7c31-21fa-8e90-67245e8b283e', 'PB9956', 'Phòng tài chính', '447816de-6069-15bf-de3d-c9e9e9038fe2', 'LTS7757', 'Máy in', '2023-07-08 00:00:00', '2023-07-08 00:00:00', 0.0000, 100, 1, 0.0000, 2021, 1, 0, 0.0000, 0.0000, False, NULL, '2023-07-09 01:52:35', NULL, '2023-07-09 01:52:35'),
('0448f9ef-be75-4f27-a065-e3a0b08d7bde', 'TS00005', 'Dell Acer', '4577565a-7e3e-493a-74dd-867949feb8b5', 'PB4786', 'Phòng QLNNL', '2102924a-510c-7251-a026-71cca92946bf', 'LTS0936', 'Ổ điện', '2023-06-09 00:00:00', '2023-06-09 00:00:00', 0.0000, 5, 1, 0.0000, 2021, 1, 0, 0.0000, 0.0000, False, NULL, '2023-06-08 10:52:30', NULL, '2023-07-06 00:12:27'),
('11a8748f-3464-740c-28c2-579daad24557', 'TS5929', 'Logitech MX Master 2S', '7686595d-16d5-33b3-0080-e8e2a817c80e', 'PB1150', 'Phòng lập trình', '2102924a-510c-7251-a026-71cca92946bf', 'LTS0936', 'Ổ điện', '1971-01-01 01:00:32', '1971-01-01 02:05:18', 83643929.0000, 37, 99, 2029.0000, 2015, 3, 2015, 99.0000, 83000000.0000, False, 'Kent Staton', '1971-01-01 00:00:03', 'Glynis Battle', '2014-06-04 09:01:14'),
('12693b29-274c-35ce-d11d-086412a8ea97', 'TS6934', 'Dell Latitude', '768f8e64-7d10-20c9-967d-e8c757976496', 'PB0224', 'Phòng bảo vệ', '79aca385-65e3-1ebe-f488-479bce9b28fc', 'LTS3173', 'Bàn', '2002-01-02 02:29:11', '1971-09-14 14:50:38', 87643482.0000, 82, 71, 2029.0000, 2028, 16, 2018, 71.0000, 85000000.0000, False, 'Abdul Bergstrom', '1971-01-01 00:01:38', 'Adaline Ashley', '2019-03-10 19:15:09'),
('12e1b096-3542-127a-1077-d9ebc53aac3d', 'TS7361', 'Logitech MX Master 3', '469b3ece-744a-45d5-957d-e8c757976496', 'PB5242', 'Phòng đào tạo', '423d5b84-2191-6cce-df3d-c9e9e9038fe2', 'LTS5973', 'Bàn Phím', '1982-06-03 12:36:34', '1993-12-14 18:42:28', 7638415.0000, 49, 2, 2020.0000, 2019, 3, 2007, 3.0000, 654382.0000, False, 'Kecia Adcock', '1971-01-01 00:00:05', 'Freeda Brinkley', '1997-10-04 18:35:33'),
('13ede5b6-19dd-563e-1980-de64d090a2c2', 'TS9211', 'Logitech MX Master 3', '4e272fc4-7875-78d6-7d32-6a1673ffca7c', 'PB6721', 'Phòng kế toán', '48b51439-3625-6c0c-7532-03c92da59c43', 'LTS6638', 'Màn hình', '2014-03-04 19:50:07', '1984-06-27 04:48:53', 21988573.0000, 81, 20, 2008.0000, 2006, 8, 2022, 20.0000, 20000000.0000, True, 'Marine Turley', '1971-01-01 00:12:43', 'Tory Olson', '1985-02-15 05:29:06'),
('197fda97-5a35-781d-0e77-d9ebc53aac3d', 'TS4344', 'Loa Marshall Middleton', '17120d02-6ab5-3e43-18cb-66948daf6128', 'PB5663', 'Phòng bảo vệ', '174ffc6c-4080-4bc3-a126-71cca92946bf', 'LTS8240', 'Máy tính để bàn', '2000-09-08 03:11:56', '1992-12-11 04:38:47', 95392245.0000, 53, 34, 2009.0000, 2026, 1, 2006, 35.0000, 85000000.0000, False, 'Kendrick Naranjo', '1977-10-24 14:18:16', 'Rodrick Paulsen', '2020-10-13 12:48:42'),
('1e41ae92-f3e8-4cf4-8a3e-0a64dbf6f6c6', 'TS42144', 'Ip 7 plus', '2bbbd485-6df2-536a-7e32-6a1673ffca7c', 'PB0254', 'Phòng đầu tư', '3541ff76-58f0-6d1a-e836-63d5d5eff719', 'LTS8023', 'Màn hình', '2023-07-06 00:00:00', '2023-07-06 00:00:00', 0.0000, 2, 1, 0.0000, 2021, 1, 0, 0.0000, 0.0000, False, NULL, '2023-07-06 08:46:18', NULL, '2023-07-06 08:46:18'),
('1e5e96fa-5d7a-599d-27c2-579daad24557', 'TS3193', 'Logitech G613', '469b3ece-744a-45d5-957d-e8c757976496', 'PB5242', 'Phòng đào tạo', '48b51439-3625-6c0c-7532-03c92da59c43', 'LTS6638', 'Màn hình', '1985-08-04 05:54:38', '1971-01-01 00:08:53', 84822679.0000, 2, 2, 2022.0000, 2011, 2, 2027, 3.0000, 50000000.0000, False, 'Lorette Ortiz', '1981-09-16 04:13:40', 'Carline Mccall', '2020-05-20 15:17:58'),
('2356a2d8-7751-6f97-66f6-423b4e874d0f', 'TS7657', 'Dell Latitude', '142cb08f-7c31-21fa-8e90-67245e8b283e', 'PB9956', 'Phòng tài chính', '79aca385-65e3-1ebe-f488-479bce9b28fc', 'LTS3173', 'Bàn', '1975-04-15 07:58:54', '1989-09-21 21:10:25', 73569605.0000, 3, 33, 2007.0000, 2028, 2, 2008, 33.0000, 65000000.0000, False, 'Jamie Creech', '1971-01-01 00:14:48', 'Akiko Lester', '1976-12-17 14:42:55'),
('28cd1599-63bf-785f-4f80-7ed9d1ea06ea', 'TS5761', 'Loa Marshall Middleton', '4e272fc4-7875-78d6-7d32-6a1673ffca7c', 'PB6721', 'Phòng kế toán', '423d5b84-2191-6cce-df3d-c9e9e9038fe2', 'LTS5973', 'Bàn Phím', '2003-10-17 08:38:05', '1992-08-17 00:13:00', 0.0000, 61, 68, 2018.0000, 2019, 0, 2015, 68.0000, 0.0000, False, 'Kim Desantis', '2020-05-20 05:52:00', 'Marco Horn', '2006-09-03 07:28:03'),
('297bcd80-f887-4475-ab58-a207816ba2b5', 'TS42145', 'Ip 7 plus', '2bbbd485-6df2-536a-7e32-6a1673ffca7c', 'PB0254', 'Phòng đầu tư', '3541ff76-58f0-6d1a-e836-63d5d5eff719', 'LTS8023', 'Màn hình', '2023-07-05 00:00:00', '2023-07-05 00:00:00', 0.0000, 2, 1, 0.0000, 2021, 1, 0, 0.0000, 0.0000, False, NULL, '2023-07-06 09:28:17', NULL, '2023-07-06 09:28:17'),
('2afb2146-430d-394b-3d35-0028ed526dd0', 'TS0880', 'Asus Rog Falchion Red Switch', '142cb08f-7c31-21fa-8e90-67245e8b283e', 'PB9956', 'Phòng tài chính', '48b51439-3625-6c0c-7532-03c92da59c43', 'LTS6638', 'Màn hình', '1982-09-01 03:00:29', '1971-01-01 00:00:44', 0.0000, 46, 46, 2006.0000, 2008, 9, 2009, 46.0000, 0.0000, True, 'Kathleen Burnside', '2020-10-03 07:17:53', 'Sanford Abbott', '1971-01-01 00:00:07'),
('2f43fc9d-1f7a-25fc-5280-7ed9d1ea06ea', 'TS3084', 'Dell Vostro', '4e272fc4-7875-78d6-7d32-6a1673ffca7c', 'PB6721', 'Phòng kế toán', '74b4ef62-677e-21c3-88db-f21ac591aca5', 'LTS0839', 'Ổ điện', '1996-07-17 05:55:53', '1993-06-29 01:47:39', 14017515.0000, 5, 69, 2007.0000, 2007, 13, 2007, 69.0000, 100024.0000, True, 'Raphael Beckman', '1971-01-01 00:08:52', 'Abby Marcum', '1976-09-30 05:01:47'),
('3304dddb-1b72-607f-25c2-579daad24557', 'TS42143', 'Dell Vostro', '17120d02-6ab5-3e43-18cb-66948daf6128', 'PB5663', 'Phòng bảo vệ', '3541ff76-58f0-6d1a-e836-63d5d5eff719', 'LTS8023', 'Màn hình', '2003-03-07 00:00:00', '1982-07-29 00:00:00', 7786000.0000, 71, 1, 77860.0000, 2025, 1, 0, 0.0000, 0.0000, True, 'Stevie Frizzell', '1974-01-08 16:12:35', NULL, '2023-07-05 17:06:09'),
('35c3a053-254d-33f3-1b80-de64d090a2c2', 'TS6700', 'Logitech MX Master 2S', '768f8e64-7d10-20c9-967d-e8c757976496', 'PB0224', 'Phòng bảo vệ', '79aca385-65e3-1ebe-f488-479bce9b28fc', 'LTS3173', 'Bàn', '1971-01-01 00:14:57', '1971-01-01 02:37:34', 86833338.0000, 49, 82, 2008.0000, 2013, 0, 2022, 82.0000, 80000000.0000, False, 'Robbie Canty', '1971-01-01 00:14:52', 'Dia Casteel', '1971-01-01 00:23:34'),
('36ac2df8-2b1e-368f-cc1d-086412a8ea97', 'TS41234', 'Asus Rog Falchion Red Switch', '2bbbd485-6df2-536a-7e32-6a1673ffca7c', 'PB0254', 'Phòng đầu tư', '423d5b84-2191-6cce-df3d-c9e9e9038fe2', 'LTS5973', 'Bàn Phím', '2013-04-24 17:35:57', '1971-01-01 00:04:54', 88533557.0000, 21, 18, 2008.0000, 2007, 20, 2008, 18.0000, 82000000.0000, False, 'Jewel Plummer', '1974-04-08 19:21:29', 'Cora Pacheco', '1992-05-25 09:47:55'),
('3738ce93-1661-5628-2cc2-579daad24557', 'TS9696', 'Dell Vostro', '469b3ece-744a-45d5-957d-e8c757976496', 'PB5242', 'Phòng đào tạo', '71952621-23c8-61d2-d0eb-e423f1575e00', 'LTS2893', 'Tai nghe không dây', '1986-09-07 18:38:04', '1986-11-23 18:30:12', 0.0000, 34, 31, 2014.0000, 2029, 19, 2019, 31.0000, 0.0000, True, 'Gilda Abney', '2012-10-11 08:32:04', 'Eldridge Cornett', '1982-02-09 14:31:32'),
('3e51a46c-4153-229c-7f41-c1ec321fe728', 'TS1408', 'Dell Inspiron', '11452b0c-768e-5ff7-0d63-eeb1d8ed8cef', 'PB3700', 'Phòng test', '74b4ef62-677e-21c3-88db-f21ac591aca5', 'LTS0839', 'Ổ điện', '1986-12-05 22:45:51', '1971-01-01 00:09:09', 0.0000, 41, 15, 2008.0000, 2024, 16, 2006, 16.0000, 0.0000, True, 'Jeremy Aranda', '2015-01-08 09:42:49', NULL, '1971-01-01 00:02:56'),
('3e7dd0ec-7ee5-392a-1277-d9ebc53aac3d', 'TS6047', 'Dell Inspiron', '7686595d-16d5-33b3-0080-e8e2a817c80e', 'PB1150', 'Phòng lập trình', '71952621-23c8-61d2-d0eb-e423f1575e00', 'LTS2893', 'Tai nghe không dây', '1987-01-02 20:31:43', '1971-01-01 02:04:26', 0.0000, 11, 5, 2023.0000, 2008, 6, 2012, 5.0000, 0.0000, True, 'Nathanael Medina', '2000-01-16 22:31:25', 'Cody Feliciano', '1974-07-03 18:17:53'),
('3fed64ec-2f94-798f-0335-60b3ebf808a9', 'TS1700', 'Logitech MX Master 3', '7686595d-16d5-33b3-0080-e8e2a817c80e', 'PB1150', 'Phòng lập trình', '71952621-23c8-61d2-d0eb-e423f1575e00', 'LTS2893', 'Tai nghe không dây', '2010-11-02 08:03:30', '1990-03-01 16:05:22', 0.0000, 21, 11, 2008.0000, 2013, 8, 2026, 12.0000, 0.0000, True, 'Alejandro Norwood', '2008-09-26 16:57:01', 'Toney Paradis', '1971-01-01 00:00:08'),
('407db4d1-222b-287d-0135-60b3ebf808a9', 'TS3609', 'Dell Inspiron', '7686595d-16d5-33b3-0080-e8e2a817c80e', 'PB1150', 'Phòng lập trình', '447816de-6069-15bf-de3d-c9e9e9038fe2', 'LTS7757', 'Máy in', '2000-02-04 08:37:09', '2005-07-10 10:00:08', 0.0000, 92, 4, 2008.0000, 2027, 4, 2007, 4.0000, 0.0000, False, 'Darrick Cardoza', '2011-12-04 03:28:59', 'Nerissa Word', '2022-01-10 13:20:16'),
('409dcd1a-426a-23f7-3a35-0028ed526dd0', 'TS6866', 'Loa Marshall Middleton', '17120d02-6ab5-3e43-18cb-66948daf6128', 'PB5663', 'Phòng bảo vệ', '423d5b84-2191-6cce-df3d-c9e9e9038fe2', 'LTS5973', 'Bàn Phím', '1974-01-09 20:59:11', '1972-08-28 08:38:50', 16245880.0000, 83, 14, 2024.0000, 2023, 7, 2007, 14.0000, 894832.0000, False, 'Clemente Craddock', '1994-07-09 06:03:29', 'Gus Sawyer', '2019-08-11 02:30:55'),
('42b9446a-790b-3892-2ac2-579daad24557', 'TS8464', 'Logitech MX Master 2S', '4e272fc4-7875-78d6-7d32-6a1673ffca7c', 'PB6721', 'Phòng kế toán', '48b51439-3625-6c0c-7532-03c92da59c43', 'LTS6638', 'Màn hình', '2020-05-11 11:46:14', '2004-12-20 02:53:38', 35678441.0000, 34, 69, 2024.0000, 2012, 0, 2021, 69.0000, 31000000.0000, False, 'Donovan Allison', '1971-01-01 00:08:45', 'Alysa Harrell', '2000-08-04 14:03:38'),
('481183cb-5a6c-795b-68f6-423b4e874d0f', 'TS6131', 'Dell Inspiron', '11452b0c-768e-5ff7-0d63-eeb1d8ed8cef', 'PB3700', 'Phòng test', '39446ba3-3071-7af6-a5a9-deaf32c96293', 'LTS1480', 'Màn hình', '1997-05-09 00:17:58', '1989-01-27 13:32:16', 0.0000, 22, 92, 2027.0000, 2013, 19, 2007, 92.0000, 0.0000, False, 'Merissa Minter', '2013-09-24 23:57:26', 'Tim Howe', '1971-02-22 07:06:11'),
('4989ff24-23e7-7b82-b6d2-89b22d10517e', 'TS4655', 'Logitech MX Master 2S', '768f8e64-7d10-20c9-967d-e8c757976496', 'PB0224', 'Phòng bảo vệ', '2102924a-510c-7251-a026-71cca92946bf', 'LTS0936', 'Ổ điện', '1980-03-28 11:04:24', '1976-06-06 23:39:42', 10311998.0000, 41, 47, 2022.0000, 2016, 16, 2006, 47.0000, 234653.0000, False, 'Maurice Mireles', '1971-01-01 00:00:02', 'Stevie Durham', '2014-01-27 08:11:59'),
('4a4144ec-70f9-47f9-8dbc-06a79efa5406', 'TS00001', 'Dell Acer', '4577565a-7e3e-493a-74dd-867949feb8b5', 'PB4786', 'Phòng QLNNL', '2102924a-510c-7251-a026-71cca92946bf', 'LTS0936', 'Ổ điện', '2023-06-05 00:00:00', '2023-06-05 00:00:00', 0.0000, 20, 1, 0.0000, 2021, 1, 0, 0.0000, 0.0000, False, NULL, '2023-06-15 14:03:48', NULL, '2023-07-06 07:15:49'),
('4db9a514-6d87-2ec1-3b35-0028ed526dd0', 'TS6661', 'Logitech MX Master 2S', '2bbbd485-6df2-536a-7e32-6a1673ffca7c', 'PB0254', 'Phòng đầu tư', '79aca385-65e3-1ebe-f488-479bce9b28fc', 'LTS3173', 'Bàn', '2014-11-06 15:42:45', '2019-11-27 22:11:40', 28873176.0000, 69, 27, 2026.0000, 2017, 14, 2013, 27.0000, 25000000.0000, False, 'Magdalena Ogle', '1990-05-31 08:21:19', 'Carl Switzer', '2020-11-15 08:29:26'),
('506acf1e-5331-67a9-0d77-d9ebc53aac3d', 'TS3343', 'Dell Inspiron', '142cb08f-7c31-21fa-8e90-67245e8b283e', 'PB9956', 'Phòng tài chính', '48b51439-3625-6c0c-7532-03c92da59c43', 'LTS6638', 'Màn hình', '1971-01-01 01:19:23', '2003-04-03 18:47:47', 93490325.0000, 64, 86, 2011.0000, 2008, 18, 2026, 87.0000, 73000000.0000, False, 'Twila Bock', '1971-01-01 00:00:09', 'Cary Benitez', '1971-10-10 00:54:36'),
('524751f2-1577-523d-ce1d-086412a8ea97', 'TS4846', 'Dell Vostro', '4e272fc4-7875-78d6-7d32-6a1673ffca7c', 'PB6721', 'Phòng kế toán', '71952621-23c8-61d2-d0eb-e423f1575e00', 'LTS2893', 'Tai nghe không dây', '1977-12-16 08:48:14', '1976-06-09 00:10:45', 93831714.0000, 82, 66, 2008.0000, 2015, 18, 2026, 66.0000, 91000000.0000, True, 'Clarinda Acker', '1971-10-19 06:28:11', 'Jeffry Pease', '1993-09-20 03:52:30'),
('5254e49d-4368-3162-29c2-579daad24557', 'TS2263', 'Dell Inspiron', '4577565a-7e3e-493a-74dd-867949feb8b5', 'PB4786', 'Phòng QLNNL', '71952621-23c8-61d2-d0eb-e423f1575e00', 'LTS2893', 'Tai nghe không dây', '2016-03-07 13:16:50', '1971-11-20 11:35:59', 48490122.0000, 92, 10, 2019.0000, 2006, 13, 2026, 10.0000, 44000000.0000, False, 'Luis Cruse', '1971-01-01 00:00:02', 'Cassi Atkinson', '2011-02-12 03:15:42'),
('56aaf263-3355-23ea-b8d2-89b22d10517e', 'TS4061', 'Logitech G613', '59d19422-6657-452e-a7db-e5d54223c257', 'PB7421', 'Phòng lễ tân', '174ffc6c-4080-4bc3-a126-71cca92946bf', 'LTS8240', 'Máy tính để bàn', '1980-01-09 01:44:02', '1995-08-27 00:02:24', 89669754.0000, 61, 61, 2007.0000, 2020, 2, 2017, 61.0000, 49000000.0000, True, 'Johnnie Allard', '1971-01-01 00:00:07', 'Bridgette Conley', '1993-11-10 11:29:17'),
('56dce332-76f0-6b9b-5080-7ed9d1ea06ea', 'TS4060', 'Logitech MX Master 3', '768f8e64-7d10-20c9-967d-e8c757976496', 'PB0224', 'Phòng bảo vệ', '39446ba3-3071-7af6-a5a9-deaf32c96293', 'LTS1480', 'Màn hình', '2012-04-27 16:31:32', '1971-01-01 00:08:32', 0.0000, 52, 78, 2019.0000, 2009, 0, 2012, 78.0000, 0.0000, True, 'Debby Concepcion', '2020-08-26 04:15:30', 'Amiee Pond', '2018-08-06 15:38:14'),
('595e7d51-318c-39e8-1377-d9ebc53aac3d', 'TS5382', 'Asus Rog Falchion Red Switch', '4577565a-7e3e-493a-74dd-867949feb8b5', 'PB4786', 'Phòng QLNNL', '2102924a-510c-7251-a026-71cca92946bf', 'LTS0936', 'Ổ điện', '2005-10-09 21:53:21', '1984-04-03 11:47:21', 93763176.0000, 50, 7, 2011.0000, 2006, 6, 2029, 7.0000, 78000000.0000, False, 'Stevie Vallejo', '1973-01-24 20:59:31', 'Minh Withers', '1971-01-01 00:01:36'),
('5a841b92-791c-78df-5180-7ed9d1ea06ea', 'TS9883', 'Loa Marshall Middleton', '17120d02-6ab5-3e43-18cb-66948daf6128', 'PB5663', 'Phòng bảo vệ', '48b51439-3625-6c0c-7532-03c92da59c43', 'LTS6638', 'Màn hình', '1974-09-02 18:13:11', '1971-01-01 01:37:34', 2200157.0000, 87, 83, 2016.0000, 2016, 14, 2008, 83.0000, 100000.0000, True, 'Camie Burch', '1971-01-01 00:00:54', 'Olga Haag', '1982-09-04 05:41:43'),
('5c7f0ec4-77f2-3794-cf1d-086412a8ea97', 'TS2176', 'Loa Marshall Middleton', '4577565a-7e3e-493a-74dd-867949feb8b5', 'PB4786', 'Phòng QLNNL', '3541ff76-58f0-6d1a-e836-63d5d5eff719', 'LTS8023', 'Màn hình', '1970-12-31 00:00:00', '2008-03-26 00:00:00', 0.0000, 26, 1, 0.0000, 2010, 1, 0, 0.0000, 0.0000, False, 'Ruben Simpson', '2006-08-12 04:24:56', NULL, '2023-07-05 17:07:56'),
('5de704c2-573f-1a71-1a80-de64d090a2c2', 'TS2933', 'Dell Inspiron', '768f8e64-7d10-20c9-967d-e8c757976496', 'PB0224', 'Phòng bảo vệ', '74b4ef62-677e-21c3-88db-f21ac591aca5', 'LTS0839', 'Ổ điện', '2023-05-28 00:00:00', '2023-05-28 00:00:00', 17000000.0000, 1, 1, 0.0000, 2021, 1, 0, 0.0000, 7000000.0000, NULL, NULL, '1985-07-17 03:40:42', NULL, '2023-06-01 16:02:30'),
('5f03d745-7702-1c85-2bc2-579daad24557', 'TS8261', 'Logitech G913 TKL HARPY TACTILE RGB Gaming', '59d19422-6657-452e-a7db-e5d54223c257', 'PB7421', 'Phòng lễ tân', '48b51439-3625-6c0c-7532-03c92da59c43', 'LTS6638', 'Màn hình', '1976-04-10 12:22:18', '2017-10-19 09:18:14', 39965203.0000, 9, 19, 2021.0000, 2007, 5, 2023, 19.0000, 35000000.0000, False, 'Enoch Dortch', '1971-01-01 00:05:05', 'Hilma Bower', '1971-01-01 00:07:49'),
('5fab4ff7-1b8e-64d0-1880-de64d090a2c2', 'TS4938', 'Dell Inspiron', '59d19422-6657-452e-a7db-e5d54223c257', 'PB7421', 'Phòng lễ tân', '2102924a-510c-7251-a026-71cca92946bf', 'LTS0936', 'Ổ điện', '1977-02-18 11:06:32', '1971-02-09 13:17:12', 0.0000, 35, 93, 2009.0000, 2022, 1, 2008, 93.0000, 0.0000, True, 'Raul Palma', '2001-01-20 12:29:01', 'Tanner Butler', '2014-06-29 17:43:06'),
('62563348-7bd5-6519-3c35-0028ed526dd0', 'TS6193', 'Dell Inspiron', '59d19422-6657-452e-a7db-e5d54223c257', 'PB7421', 'Phòng lễ tân', '79aca385-65e3-1ebe-f488-479bce9b28fc', 'LTS3173', 'Bàn', '1981-07-14 23:55:58', '1983-04-23 20:09:09', 0.0000, 7, 97, 2018.0000, 2009, 12, 2009, 97.0000, 0.0000, True, 'Lavone Amos', '2006-10-15 03:14:54', 'Adam Thames', '1981-09-07 18:30:33'),
('62af2231-78a7-7caa-cd1d-086412a8ea97', 'TS2628', 'Logitech MX Master 2S', '59d19422-6657-452e-a7db-e5d54223c257', 'PB7421', 'Phòng lễ tân', '39446ba3-3071-7af6-a5a9-deaf32c96293', 'LTS1480', 'Màn hình', '2004-09-17 20:01:44', '2020-05-09 23:34:55', 49585947.0000, 69, 59, 2020.0000, 2023, 11, 2028, 59.0000, 40000000.0000, False, 'Loise Mayers', '1985-01-21 04:50:17', 'Christian Abernathy', '1986-02-26 08:45:04'),
('6485b64f-7835-65a4-8041-c1ec321fe728', 'TS2970', 'Asus Rog Falchion Red Switch', '4577565a-7e3e-493a-74dd-867949feb8b5', 'PB4786', 'Phòng QLNNL', '79aca385-65e3-1ebe-f488-479bce9b28fc', 'LTS3173', 'Bàn', '1971-01-01 00:01:02', '1989-04-30 04:48:19', 92382776.0000, 51, 0, 2019.0000, 2008, 13, 2015, 0.0000, 82000000.0000, True, 'Kasey Savoy', '1977-06-21 06:26:55', 'Everette Anders', '2013-11-16 14:57:36'),
('677132b4-2a33-68d1-26c2-579daad24557', 'TS2726', 'Logitech MX Master 3', '17120d02-6ab5-3e43-18cb-66948daf6128', 'PB5663', 'Phòng bảo vệ', '74b4ef62-677e-21c3-88db-f21ac591aca5', 'LTS0839', 'Ổ điện', '1980-06-21 01:14:44', '1999-05-12 02:38:18', 26402290.0000, 46, 59, 2010.0000, 2023, 9, 2024, 60.0000, 18000000.0000, False, 'Lavonia Whiteside', '1971-01-01 00:00:01', 'Erasmo Joe', '1982-03-04 00:58:44'),
('6a763a51-4322-5c5a-b5d2-89b22d10517e', 'TS2926', 'Loa Marshall Middleton', '4e272fc4-7875-78d6-7d32-6a1673ffca7c', 'PB6721', 'Phòng kế toán', '3541ff76-58f0-6d1a-e836-63d5d5eff719', 'LTS8023', 'Màn hình', '2016-10-09 18:35:12', '2018-04-07 13:01:41', 90555541.0000, 45, 74, 2020.0000, 2017, 20, 2007, 75.0000, 87000000.0000, True, 'Emmett Moulton', '1971-04-19 04:13:09', 'Joeann Garcia', '2014-12-07 14:46:45'),
('6b550b8f-7ff9-51bc-0f77-d9ebc53aac3d', 'TS5512', 'Asus Rog Falchion Red Switch', '142cb08f-7c31-21fa-8e90-67245e8b283e', 'PB9956', 'Phòng tài chính', '39446ba3-3071-7af6-a5a9-deaf32c96293', 'LTS1480', 'Màn hình', '1984-05-22 20:13:32', '1999-03-17 04:48:14', 24950685.0000, 84, 88, 2017.0000, 2023, 5, 2008, 88.0000, 22000000.0000, False, 'Rolland Watson', '1974-09-21 08:25:00', 'Alfonzo Bohn', '2007-11-07 09:00:25'),
('6c5b9fe7-14c9-3bb5-b4d2-89b22d10517e', 'TS4618', 'Asus Rog Falchion Red Switch', '4577565a-7e3e-493a-74dd-867949feb8b5', 'PB4786', 'Phòng QLNNL', '174ffc6c-4080-4bc3-a126-71cca92946bf', 'LTS8240', 'Máy tính để bàn', '1976-12-03 02:16:55', '1971-01-01 00:00:06', 0.0000, 78, 5, 2018.0000, 2007, 2, 2006, 5.0000, 0.0000, True, 'Kayleen Hogg', '2021-05-20 04:12:14', 'Addie Tyner', '1971-01-01 00:15:23'),
('6c80a684-1cb5-41af-ff34-60b3ebf808a9', 'TS8033', 'Logitech G913 TKL HARPY TACTILE RGB Gaming', '7686595d-16d5-33b3-0080-e8e2a817c80e', 'PB1150', 'Phòng lập trình', '3541ff76-58f0-6d1a-e836-63d5d5eff719', 'LTS8023', 'Màn hình', '2006-10-26 05:37:15', '2004-10-31 12:15:17', 90393303.0000, 49, 11, 2006.0000, 2016, 9, 2029, 11.0000, 50000000.0000, True, 'Reina Adkins', '1971-01-01 00:31:40', 'Kathyrn Beatty', '2015-11-21 22:38:53'),
('6f51ea57-13b2-139f-1177-d9ebc53aac3d', 'TS5174', 'Logitech MX Master 2S', '11452b0c-768e-5ff7-0d63-eeb1d8ed8cef', 'PB3700', 'Phòng test', '3541ff76-58f0-6d1a-e836-63d5d5eff719', 'LTS8023', 'Màn hình', '1992-08-12 16:38:17', '1998-04-18 09:55:38', 0.0000, 88, 85, 2024.0000, 2022, 6, 2017, 86.0000, 0.0000, False, 'Henry Crump', '2021-05-07 21:17:58', 'Tess Townsend', '2001-01-20 23:03:10'),
('6f7e3b32-372d-474a-96e3-307fafdbde98', 'TS0000112', 'Dell Acer', '4577565a-7e3e-493a-74dd-867949feb8b5', 'PB4786', 'Phòng QLNNL', '2102924a-510c-7251-a026-71cca92946bf', 'LTS0936', 'Ổ điện', '2023-06-09 00:00:00', '2023-06-09 00:00:00', 0.0000, 5, 1, 0.0000, 2021, 1, 0, 0.0000, 0.0000, False, NULL, '2023-06-15 14:10:05', NULL, '2023-07-06 00:13:52'),
('73dc79e1-1ccb-35a6-0235-60b3ebf808a9', 'TS7109', 'Dell Acer', '4577565a-7e3e-493a-74dd-867949feb8b5', 'PB4786', 'Phòng QLNNL', '2102924a-510c-7251-a026-71cca92946bf', 'LTS0936', 'Ổ điện', '2023-06-08 00:00:00', '2023-06-08 00:00:00', 0.0000, 6, 1, 0.0000, 2021, 1, 0, 0.0000, 0.0000, True, 'Britt Malley', '2019-11-14 18:53:04', NULL, '2023-07-06 00:34:35'),
('7ad34860-1ac8-7ad7-d01d-086412a8ea97', 'TS1648', 'Loa Marshall Middleton', '469b3ece-744a-45d5-957d-e8c757976496', 'PB5242', 'Phòng đào tạo', '447816de-6069-15bf-de3d-c9e9e9038fe2', 'LTS7757', 'Máy in', '1971-01-01 00:00:12', '1993-01-18 23:12:21', 0.0000, 82, 34, 2027.0000, 2006, 15, 2019, 34.0000, 0.0000, False, 'Adah Adair', '2021-09-29 10:24:17', 'Bennie Broussard', '2018-07-29 20:06:07'),
('7b666cc3-1b67-6037-67f6-423b4e874d0f', 'TS5540', 'Logitech MX Master 3', '7686595d-16d5-33b3-0080-e8e2a817c80e', 'PB1150', 'Phòng lập trình', '423d5b84-2191-6cce-df3d-c9e9e9038fe2', 'LTS5973', 'Bàn Phím', '2014-05-02 01:43:13', '2003-05-05 09:30:37', 0.0000, 8, 40, 2014.0000, 2023, 16, 2022, 41.0000, 0.0000, False, 'Debbra Acuna', '2008-05-06 07:18:30', 'Rodger Crawford', '1988-08-23 09:18:58'),
('7bd9cf39-3f55-3a7b-0035-60b3ebf808a9', 'TS6745', 'Logitech MX Master 3', '7686595d-16d5-33b3-0080-e8e2a817c80e', 'PB1150', 'Phòng lập trình', '2102924a-510c-7251-a026-71cca92946bf', 'LTS0936', 'Ổ điện', '1971-01-01 00:00:07', '1988-10-31 14:15:04', 96077528.0000, 27, 34, 2008.0000, 2027, 20, 2008, 34.0000, 46000000.0000, True, 'Carter Matlock', '1978-04-24 22:07:34', 'Cleotilde Gorman', '2000-05-14 12:14:01'),
('8922a905-bc65-4284-8045-e1a8d0795d89', 'TS000010', 'Dell Acer', '4577565a-7e3e-493a-74dd-867949feb8b5', 'PB4786', 'Phòng QLNNL', '2102924a-510c-7251-a026-71cca92946bf', 'LTS0936', 'Ổ điện', '2023-06-08 00:00:00', '2023-06-08 00:00:00', 0.0000, 5, 1, 0.0000, 2021, 1, 0, 0.0000, 0.0000, False, NULL, '2023-06-12 10:52:01', NULL, '2023-07-06 00:25:33'),
('8ab56d47-9af8-439e-98c8-0006bdefd807', 'TS00006', 'Dell Inspiron', '768f8e64-7d10-20c9-967d-e8c757976496', 'PB0224', 'Phòng bảo vệ', '447816de-6069-15bf-de3d-c9e9e9038fe2', 'LTS7757', 'Máy in', '2023-06-08 00:00:00', '2023-06-08 00:00:00', 0.0000, 1, 1, 0.0000, 2021, 1, 0, 0.0000, 0.0000, False, NULL, '2023-06-08 11:01:59', NULL, '2023-06-08 11:01:59'),
('a1feae57-c25b-4d3e-9e77-ae795b1df5ec', 'TS00009', 'Loa Marshall Middleton', '142cb08f-7c31-21fa-8e90-67245e8b283e', 'PB9956', 'Phòng tài chính', '447816de-6069-15bf-de3d-c9e9e9038fe2', 'LTS7757', 'Máy in', '2023-06-11 00:00:00', '2023-06-11 00:00:00', 0.0000, 6, 1, 0.0000, 2021, 1, 0, 0.0000, 0.0000, False, NULL, '2023-06-12 10:50:08', NULL, '2023-07-05 23:54:19'),
('da9827f3-3281-4e81-8ace-aa229715302d', 'TS00007', 'Logitech MX Master 3', '4577565a-7e3e-493a-74dd-867949feb8b5', 'PB4786', 'Phòng QLNNL', '3541ff76-58f0-6d1a-e836-63d5d5eff719', 'LTS8023', 'Màn hình', '2023-06-12 00:00:00', '2023-06-12 00:00:00', 0.0000, 12, 1, 0.0000, 2021, 1, 0, 0.0000, 0.0000, False, NULL, '2023-06-12 08:02:29', NULL, '2023-06-12 08:02:29');

-- 
-- Restore previous SQL mode
-- 
/*!40101 SET SQL_MODE=@OLD_SQL_MODE */;

-- 
-- Enable foreign keys
-- 
/*!40014 SET FOREIGN_KEY_CHECKS=@OLD_FOREIGN_KEY_CHECKS */;